house images/house.bmp 255 255 255 0
obstacle images/water0.png
obstacle images/water1.png
obstacle images/water2.png
obstacle images/water1.png
obstacle images/water0.png
grass images/grass.png
flowers images/flowers.png
background_default images/none.bmp
dirt images/dirt.bmp
dirt_horiz images/dirt_horiz.png
dirt_vert_left images/dirt_vert_left.png
dirt_vert_right images/dirt_vert_right.png
dirt_bot_left_corner images/dirt_bot_left_corner.png
dirt_bot_right_up images/dirt_bot_right_up.png
dirt_vert_left_bot images/dirt_vert_left_bot.png
flower_dirt_bot_right_up images/flower_dirt/flower_dirt_bot_right_up.png
flower_dirt_bot_left_corner images/flower_dirt/flower_dirt_bot_left_corner.png
flower_dirt_vert_right images/flower_dirt/flower_dirt_vert_right.png
flower_dirt_horiz images/flower_dirt/flower_dirt_horiz.png
flower_dirt_vert_left_bot images/flower_dirt/flower_dirt_vert_left_bot.png
flower_dirt_vert_left images/flower_dirt/flower_dirt_vert_left.png
bridge images/bridge.png
tree images/tree0.png
tree images/tree1.png
tree images/tree2.png
tree images/tree3.png
tree images/tree4.png
stump images/stump.png
dude images/dude0.png
dude images/dude1.png
dude images/dude2.png
dude images/dude3.png
fairy images/fairy0.png
fairy images/fairy1.png
fairy images/fairy2.png
fairy images/fairy3.png
fairy images/fairy4.png
fairy images/fairy5.png
fairy images/fairy6.png
fairy images/fairy7.png
sapling images/sapling0.png
sapling images/sapling1.png
sapling images/sapling2.png
sapling images/sapling3.png
sapling images/sapling4.png
serpent images/serpent/serpent02.png
serpent images/serpent/serpent03.png
serpent images/serpent/serpent04.png
serpent images/serpent/serpent05.png
serpent images/serpent/serpent06.png
serpent images/serpent/serpent07.png
serpent images/serpent/serpent08.png
serpent images/serpent/serpent09.png
serpent images/serpent/serpent10.png
serpent images/serpent/serpent11.png
serpent images/serpent/serpent12.png
serpent images/serpent/serpent13.png
serpent images/serpent/serpent14.png
serpent images/serpent/serpent15.png
serpent images/serpent/serpent16.png
serpent images/serpent/serpent17.png
serpent images/serpent/serpent18.png
serpent images/serpent/serpent19.png
serpent images/serpent/serpent20.png
serpent images/serpent/serpent21.png
serpent images/serpent/serpent22.png
serpent images/serpent/serpent23.png
serpent images/serpent/serpent24.png
serpent images/serpent/serpent25.png
serpent images/serpent/serpent26.png
serpent images/serpent/serpent27.png
serpent images/serpent/serpent28.png
serpent images/serpent/serpent29.png
serpent images/serpent/serpent30.png
serpent images/serpent/serpent31.png
serpent images/serpent/serpent32.png
serpent images/serpent/serpent33.png
serpent images/serpent/serpent34.png
serpent images/serpent/serpent35.png
serpent images/serpent/serpent36.png
serpent images/serpent/serpent37.png
serpent images/serpent/serpent38.png
serpent images/serpent/serpent39.png
serpent images/serpent/serpent40.png
serpent images/serpent/serpent41.png
blue_fairy images/blue_fairy/blue_fairy0.png
blue_fairy images/blue_fairy/blue_fairy1.png
blue_fairy images/blue_fairy/blue_fairy2.png
blue_fairy images/blue_fairy/blue_fairy3.png
blue_fairy images/blue_fairy/blue_fairy4.png
blue_fairy images/blue_fairy/blue_fairy5.png
blue_fairy images/blue_fairy/blue_fairy6.png
blue_fairy images/blue_fairy/blue_fairy7.png